company_name,siret,phone,website,aum,dirigeant_prenom,dirigeant_nom,dirigeant_email,dirigeant_fonction,dirigeant_telephone,source
ELEVATION CAPITAL PARTNERS,,0156620055,,,,,,,,
ETXEA CAPITAL,,,www.etxeacapital.com,5.00,,,,,,
PIERRES RESPONSABLES REIM,,,,,,,,,,
JEITO CAPITAL,,,jeito.life,,,,,,,
INCO VENTURES,,+033 1 85 73 62 56,www.inco.co.com,2.00,,,,,,
CATHAY INNOVATION,,01 42 25 28 00,,,,,,,,
REMAKE ASSET MANAGEMENT,,0176402552,,,,,,,,
LAZARD FRERES GESTION,,0144130111,,41.5,,,,,,
PATRIMONIA CAPITAL,,,,,,,,,,
AMUNDI ASSET MANAGEMENT,,0176333030,,2240.0,,,,,,
MIMCO ASSET MANAGEMENT,,0144700436,,,,,,,,
MANDARINE GESTION,,0153402020,http://www.mandarine-gestion.com,6.0,,,,,,
ARDABELLE CAPITAL,,,,,,,,,,
FLEXSTONE PARTNERS SAS,,01 58 19 47 36,,,,,,,,
FOREST INVEST,,0381525827,www.domaines-et-patrimoine.fr,,,,,,,
RGREEN INVEST SAS,,,www.rgreen.fr,2.60,,,,,,
TISHMAN SPEYER MANAGEMENT OPCI SAS,,0144821893,,,,,,,,
RiverRock Europe S.A.S,,,,,,,,,,
AESTIA CAPITAL,,,,,,,,,,
JP MORGAN ASSET MANAGEMENT REAL ESTATE,,0140154500,,,,,,,,
IRIS CAPITAL MANAGEMENT,,0145627373,www.iriscapital.com,3.0,,,,,,
CREDIT MUTUEL GESTION,,01 53 46 53 93,,,,,,,,
SPARRING OPPORTUNITIES,,0158364950,,,,,,,,
idiCo,,,www.idico.fr,1.00,,,,,,
Parametric,,0142907000,https://parametricsas.morganstanley.com/,10.0,,,,,,
TRUSTEAM FINANCE,,0142964030,www.trusteam.fr,1.2,,,,,,
PHITRUST IMPACT INVESTORS,,01 56 88 32 04,www.phitrustimpactinvestors.com,,,,,,,
PIQUEMAL HOUGHTON INVESTMENTS,,0142662488,www.piquemal-houghton.com,,,,,,,
TAILOR AM,,0158183810,,,,,,,,
CDC CROISSANCE,,0158508630,https://www.cdc-croissance.caissedesdepots.fr/,0.36,,,,,,
MY SHARE COMPANY,,,www.mysharecompany.com,2.00,,,,,,
EVARINVEST,,,,,,,,,,
PARTNERS CAPITAL EUROPE,,,,,,,,,,
EPICUREAM,,0970969620,,,,,,,,
AVANSEO,,,,,,,,,,
ALTAROC PARTNERS SAS,,0181729700,https://www.altaroc.pe/,4.40,,,,,,
MESSIEURS HOTTINGUER ET CIE - GESTION PRIVÉE,,0140232524,www.banque-hottinguer.com,,,,,,,
PERCEVA SAS,,0142971990,,,,,,,,
RICHELIEU INVEST,,0142890000,www.richelieuinvest.com,2.0,,,,,,
URBAN PREMIUM,,0182289990,,,,,,,,
LE LUXE FRANCAIS,,,http://leluxefrancais.eu,,,,,,,
DÔM FINANCE,,0145087750,www.dom-finance.fr,0.22,,,,,,
1 2 3 INVESTMENT MANAGERS,,0149269800,http://www.123-im.com,2.50,,,,,,
SÉNEVÉ CAPITAL,,,,,,,,,,
JANNGO CAPITAL PARTNERS,,,https://www.janngo.com/,,,,,,,
RB CAPITAL,,01 83 81 97 62,www.b-and-capital.com,0.05,,,,,,
WIND VENTURE,,,,,,,,,,
CINECAPITAL,,0153657350,http://cinecapital.fr/,,,,,,,
COLVILLE CAPITAL PARTNERS FRANCE,,01 42 03 53 11,https://www.colvillecapitalpartnersfrance.com,,,,,,,
IRDI CAPITAL INVESTISSEMENT,,0581317320,www.irdi.fr,0.55,,,,,,
VEGA INVESTMENT SOLUTIONS,,0158196100,http://www.vega-is.com,,,,,,,
ALTIXIA REIM,,,,,,,,,,
ELEPHANTS & VENTURES,,,,,,,,,,
Atlantic Vantage Point Capital,,,www.avpcap.com,,,,,,,
FUTURE POSITIVE CAPITAL,,01 89 16 33 65,www.futurepositivecapital.com,,,,,,,
PRUDENTIA CAPITAL,,01.42.89.80.38,prudentiacapital.com,,,,,,,
CREDIT MUTUEL IMPACT,,0156752950,https://www.creditmutuel-capitalprive.eu/fr/index.html,,,,,,,
S14 CAPITAL,,,,,,,,,,
MATIGNON FINANCES,,0156883340,www.matignonfinances.com,,,,,,,
DEGROOF PETERCAM WEALTH MANAGEMENT,,01 73 44 56 50,,,,,,,,
RE-SOURCES CAPITAL,,,www.re-sources-capital.fr,1.00,,,,,,
PENINSULAR CAPITAL MANAGEMENT,,,www.peninsular-capital.com,0.03,,,,,,
QANTARA ASSET MANAGEMENT,,,,,,,,,,
ZENITH AM,,0180980050,www.zenith-am.com,1.00,,,,,,
FLEXAM INVEST ASSET MANAGEMENT,,,https://www.flexaminvest.com/,,,,,,,
ALTAREA INVESTMENT MANAGERS,,,,,,,,,,
SWISSLIFE GESTION PRIVEE,,0153291500,,,,,,,,
NORMAN K. ASSET MANAGEMENT,,,,,,,,,,
FASTEA CAPITAL,,02 53 35 32 10,www.fastea-capital.fr,,,,,,,
MOBILIS GESTION,,03 59 31 66 19,http://mobilis-gestion.com/,,,,,,,
VAUBAN ASSET MANAGEMENT,,01 44 43 08 08,,,,,,,,
EVEN FO,,0142995649,www.even-fo.com,,,,,,,
ERASMUS GESTION,,01 71 70 43 10,www.erasmusgestion.com,,,,,,,
SAGARD SAS,,0153833000,www.sagard.eu,,,,,,,
ENTRUST GLOBAL SAS,,0156883646,,,,,,,,
MANSARTIS GESTION,,0142961070,www.mansartis.com,,,,,,,
FIVE SEASONS VENTURES,,,,,,,,,,
MERIDIAM,,01 53 34 96 96,,,,,,,,
A PLUS FINANCE SAS,,0140080340,www.aplusfinance.com,0.05,,,,,,
ANDERA PARTNERS,,01 85 73 64 00,,,,,,,,
Flandrin Capital,,,https://www.flandrinfinance.com,2.0,,,,,,
INDIGO CAPITAL,,0156881753,www.indigo-capital.fr,0.04,,,,,,
SIGEFI PRIVATE EQUITY,,0472832323,,,,,,,,
AG2R LA MONDIALE GESTION D'ACTIFS,,+33 (0) 1 87 27 20 49,www.ag2rlamondiale-ga.fr,,,,,,,
IVO CAPITAL PARTNERS,,,,1.6,,,,,,
AUDACIA,,0156434800,www.audacia.fr,0.01,,,,,,
GROUPAMA GAN REIM,,09.69.32.97.80,www.groupamagan-reim.fr,,,,,,,
TwentyTwo Investment Management,,0153931013,twentytwo-im.com/,,,,,,,
ARMEN,,,,,,,,,,
AQUA ASSET MANAGEMENT,,0184252762,www.aqua-am.com,,,,,,,
ISATIS CAPITAL,,,,,,,,,,
ODDO BHF ASSET MANAGEMENT SAS,,0144518500,http://am.oddo-bhf.com,,,,,,,
KEENSIGHT CAPITAL,,0140748813,,,,,,,,
MIRCAP PARTNERS,,,,,,,,,,
INDEP'AM,,0153252200,,,,,,,,
HI INOV,,01 84 79 05 57,,,,,,,,
SEVENTURE PARTNERS,,0158192270,www.seventure.fr,0.01,,,,,,
SCALE UP CAPITAL,,,,,,,,,,
ALDEBARAN CAPITAL PARTNERS,,,,,,,,,,
CONQUEST ADVISORS FRANCE,,,www.conquest.group,6.00,,,,,,
CAPITAL CROISSANCE SAS,,01 80 40 04 10,www.capitalcroissance.fr,0.05,,,,,,
KYOSEIL ASSET MANAGEMENT,,0442522690,www.cpgfinance.com,7.00,,,,,,
FIDUCIAL GERANCE,,01 49 07 86 99,,,,,,,,
OFI INVEST REAL ESTATE (SGP),,,https://www.ofi-invest-re.com/sgp/,4.20,,,,,,
LFPI GESTION,,0158364490,,,,,,,,
FINOVAM GESTION,,03 59 30 20 49,,,,,,,,
VIVALTO PARTNERS SAS,,,,,,,,,,
KEREN FINANCE,,,www.kerenfinance.com,,,,,,,
MONETA ASSET MANAGEMENT,,0158625330,www.moneta.fr,1.0,,,,,,
SAINT OLIVE GESTION,,0472821010,,,,,,,,
OUEST CROISSANCE GESTION,,,https://www.ouest-croissance.com/,1.00,,,,,,
BORDIER & CIE (FRANCE) SA,,0155047878,www.bordier.fr,,,,,,,
ADVENIS  REAL ESTATE INVESTMENT MANAGEMENT,,01 70 16 95 71,www.advenis-reim.com,8.00,,,,,,
ALPHAJET FAIR INVESTORS,,,,,,,,,,
MELANION CAPITAL,,01 72 25 65 65,,,,,,,,
AALTO REIM,,,www.fonciere-aalto.com,,,,,,,
BDF-GESTION,,0142925597,,,,,,,,
BREEGA CAPITAL,,,,,,,,,,
AMIRAL GESTION,,0147207818,www.amiralgestion.fr,3.5,,,,,,
CAPITAL EXPORT,,0437642950,,,,,,,,
QUANTECH SOLUTION PARTNERS,,,,,,,,,,
LA FINANCIERE TIEPOLO,,0145617878,www.tiepolo.fr,,,,,,,
AZULIS CAPITAL,,0142987070,,,,,,,,
AXA REIM SGP,,0144459648,www.axa-reimsgp.fr,,,,,,,
SYQUANT CAPITAL,,(01) 42 56 56 23,www.syquant-capital.fr,3.50,,,,,,
HOMA CAPITAL,,0175774700,www.homacapital.fr,,,,,,,
LATOUR CAPITAL MANAGEMENT SAS,,+33 1 40 62 30 12,http://www.latour-capital.fr/,4.00,,,,,,
CMI FRANCE,,0142608638,,,,,,,,
DAPHNI,,,www.daphni.com,,,,,,,
SAPIENTA GESTION,,,,,,,,,,
Cervinvest Capital,,,https://www.cervinvest-capital.com/,,,,,,,
HSBC REIM ( FRANCE ),,0140702135,www.hsbc-reim.fr,731.00,,,,,,
EQUIGEST,,0143126100,www.equigest.fr,1.00,,,,,,
EXPANSION VENTURES,,,,,,,,,,
EURAZEO INFRASTRUCTURE PARTNERS,,,https://www.eurazeo.com/fr/metiers/real-assets/infrastructure,,,,,,,
MONTAIGNE CAPITAL,,0140155550,www.montaigne-capital.com,,,,,,,
EQUISTONE PARTNERS FRANCE SAS,,0156694343,www.equistonepe.fr,0.5,,,,,,
UNION INVESTMENT REAL ESTATE FRANCE,,0156900688,,,,,,,,
GLASSBOX ASSET MANAGEMENT,,,,,,,,,,
TILT CAPITAL PARTNERS,,,https://www.tilt-capital.com/,3.70,,,,,,
GINJER AM,,0170366170,www.ginjer-am.com,,,,,,,
FIVE ARROWS MANAGERS,,01 40 74 40 58,,,,,,,,
FINORPA GESTION,,03 20 40 48 61,www.finorpa.fr,,,,,,,
LIFENTO,,0173010845,www.lifento.com,,,,,,,
NIXEN PARTNERS,,0175774600,www.nixen.com,2.00,,,,,,
CAP WEST,,0140597215,www.capwestequities.com,,,,,,,
ONERAGTIME SAS,,,https://www.oneragtime.com/,0.1,,,,,,
Noteus Partners,,,www.noteus.com,47.00,,,,,,
BLACKFIN CAPITAL PARTNERS,,01 75 00 02 30,www.blackfincp.com,,,,,,,
Ouest Rebond,,,www.breizh-rebond.fr,6.00,,,,,,
FEMU QUÌ VENTURES,,04 95 31 59 46,,,,,,,,
SOGELYM DIXENCE INVESTMENT MANAGEMENT,,,,,,,,,,
HIVEST CAPITAL PARTNERS,,01 42 89  02 77,,,,,,,,
TRUFFLE CAPITAL S.A.S,,01 47 20 12 02,www.truffle.com,1.20,,,,,,
CARTESIA,,01 56 43 40 03,www.cartesiafinance.com,12.00,,,,,,
COLONY CAPITAL SAS,,01 53 57 46 00,,,,,,,,
Shift4Good,,,,,,,,,,
IRD INVEST,,0359312099,,,,,,,,
CEREA PARTNERS,,0183751600,www.cerea.com,1.50,,,,,,
AMUNDI IMMOBILIER,,0176335000,www.amundi-immobilier.com,,,,,,,
C-QUADRAT ASSET MANAGEMENT FRANCE,,+33 1 70 08 08 15,,,,,,,,
REED MANAGEMENT,,,,,,,,,,
MYRIA ASSET MANAGEMENT,,,MYRIA-AM.COM,,,,,,,
VERMEER CAPITAL PARTNERS,,01.44.20.02.02,www.vermeercapital.fr,6.0,,,,,,
NORMA CAPITAL,,,,,,,,,,
ALBAREST PARTNERS,,0428294776,www.albarest-partners.com,0.01,,,,,,
ACA - ASSET MANAGEMENT COMPANY & ASSOCIES,,01 76 62 35 39,www.aca-gestion.com,2.00,,,,,,
STABIHO INVESTMENT PARTNERS,,0188803829,https://sparta-gestion.com/,,,,,,,
TALENCE PATRIVAL,,0320519293,www.talence-patrival.fr,,,,,,,
PHILIPPE HOTTINGUER GESTION - Groupe Philippe HOTTINGUER,,01 78 91 79 00,www.phhgestion.com,,,,,,,
OPALE CAPITAL,,,https://opalecapital.com/,,,,,,,
CREDIT MUTUEL ASSET MANAGEMENT,,0142668110,WWW.CMCIC-AM.FR,,,,,,,
PLATINIUM GESTION,,0182838140,www.platinium-gestion.com,,,,,,,
GESTION 21,,0184799024,www.gestion21.fr,,,,,,,
EDOUARD 7 GESTION PRIVEE,,01 42 96 54 12,edouard7gestionprivee.com,,,,,,,
UNIGRAINS DEVELOPPEMENT,,,,,,,,,,
QUAERO CAPITAL (FRANCE) SAS,,01 87 39 11 33,www.quaerocapital.com,,,,,,,
M PLUS,,0173732668,,,,,,,,
SULLY PATRIMOINE GESTION,,0158054566,sully-pg.com,,,,,,,
EIFFEL INVESTMENT GROUP,,0139543567,,6.8,,,,,,
KURMA PARTNERS,,01 84 86 08 61,www.kls-partners.com,,,,,,,
AESTIAM,,01 78 95 72 00,www.aestiam.com,0.16,,,,,,
CA INDOSUEZ GESTION,,0140756262,www.ca-indosuez.fr,,,,,,,
21 INVEST FRANCE,,0156883300,www.21invest.com,12.00,,,,,,
ENERFIP GESTION,,04 119 34 111,,,,,,,,
RRW,,,,,,,,,,
YOTTA CAPITAL PARTNERS,,0181708852,www.yottacapital.fr,0.01,,,,,,
PHITRUST,,,www.phitrust.com,,,,,,,
IQ EQ Management,,0180279999,https://iqeq.fr/,750.00,,,,,,
NCI,,0232186302,n-ci.com,2025.00,,,,,,
LBP AM,,+33 (0)1 57 24 21 00,lbpam.com,,,,,,,
DTZ INVESTORS REIM,,0140697351,,,,,,,,
OPTIMUM GESTION FINANCIERE,,0144158181,,,,,,,,
EDUCAPITAL,,,,,,,,,,
AMALTHEE GESTION SGP,,01.78.09.93.33,www.amaltheegestion.com,,,,,,,
AUXENSE GESTION,,01-85-08-95-84,www.auxense.com,,,,,,,
IM GLOBAL PARTNER,,0188407500,www.imgp.com,43.8,,,,,,
KARISTA,,0175000107,,,,,,,,
CLINT CAPITAL,,,,,,,,,,
GTI ASSET MANAGEMENT,,0153299114,,,,,,,,
SOCIETE DE GESTION PREVOIR,,01 53 20 32 90,http://www.sgprevoir.fr/,4.00,,,,,,
ALVEN CAPITAL PARTNERS,,01 55 34 38 38,www.alven.co,0.01,,,,,,
AMDG PRIVATE EQUITY,,,,,,,,,,
UNIGESTION ASSET MANAGEMENT (FRANCE),,0143597373,www.unigestion.com,1.00,,,,,,
LEVA HEDGE,,,,,,,,,,
GALION.EXE,,,https://galion-exe.vc/,0.01,,,,,,
PORTZAMPARC GESTION,,0240449400,http://www.portzamparcgestion.fr/,,,,,,,
KEYS REIM,,,,,,,,,,
AGPM KLESIA ASSET MANAGEMENT,,01 58 57 64 12,,,,,,,,
UNOFI-GESTION D'ACTIFS,,0144093870,unofi.fr,,,,,,,
CLUBFUNDING ASSET MANAGEMENT,,01 77 58 38 58,,,,,,,,
SUNNY ASSET MANAGEMENT,,0180271857,www.sunny-am.com,,,,,,,
ACCESS CAPITAL PARTNERS,,01 56 43 61 00,www.access_capital_partners.com,,,,,,,
PERIAL ASSET MANAGEMENT SAS,,01 56 43 11 00,https://www.perial.com/,41.00,,,,,,
SILEX INVESTMENT MANAGERS,,33183757278,,,,,,,,
PARTECH PARTNERS,,0153656553,,,,,,,,
WORMSER FRERES GESTION,,0147709080,,,,,,,,
LA FRANCAISE REAL ESTATE MANAGERS.,,0144561000,,,,,,,,
SPRING,,09 72 53 65 17,,,,,,,,
AFRICINVEST EUROPE,,33 1 73 04 34 40,http://www.africinvest.com/africinvest-europe/?id_article=124,0.01,,,,,,
LIBERTY MANAGEMENT,,0142442814,,,,,,,,
EMZ PARTNERS,,0153302330,www.emzpartners.com,5.0,,,,,,
MIROVA,,0178408736,http://www.mirova.com/fr,35.0,,,,,,
IDIA,,,www.ca-idia.com,,,,,,,
ERES GESTION,,01.49.70.98.88,www.eres-gestion.com,6.7,,,,,,
ATREAM,,0143597575,www.atream.com,,,,,,,
WHITE STAR CAPITAL FRANCE SAS,,+33 (0) 7 7195 2025,www.whitestarcapital.com,2.00,,,,,,
DUBLY TRANSATLANTIQUE GESTION,,0156887607,www.dublytransatlantiquegestion.com,,,,,,,
MAITICE GESTION,,,,,,,,,,
BLUEIMVEST,,0141315863,www.blueimvest.com,0.12,,,,,,
BNP PARIBAS REAL ESTATE INVESTMENT MANAGEMENT FRANCE,,01 55 65 23 83,www.reim.bnpparibas.fr,45.00,,,,,,
LB - P ASSET MANAGEMENT,,+33 (0)142931411,www.lb-pam.com,,,,,,,
AXA LM FUND MANAGEMENT,,01 58 36 76 07,,,,,,,,
ALIENOR CAPITAL,,05 56 81 17 22,,,,,,,,
VATEL CAPITAL,,01 40 15 61 77,www.vatelcapital.com,,,,,,,
AEQUAM CAPITAL,,0173019374,https://kanopy-am.com/,11.00,,,,,,
PICTURE ASSET MANAGEMENT,,,,,,,,,,
AMPERE GESTION,,0155033113,https://amperegestion.groupe-cdc-habitat.com,,,,,,,
INVESTED PARTNERS,,,https://www.investedpartners.org/,4.00,,,,,,
ASSET MANAGEMENT DATA GOVERNANCE (AMDG),,04 81 91 98 01,https://www.am-dg.fr/,,,,,,,
BALESTRA,,,,,,,,,,
GENEO Capital Entrepreneur,,,,,,,,,,
EM8 PRIVATE EQUITY,,,,,,,,,,
EURAZEO GLOBAL INVESTOR,,01 53 83 81 60,https://www.eurazeo.com/fr,2.55,,,,,,
GESTYS,,0155048870,www.gestys.com,,,,,,,
MW GESTION,,0142865445,mwgestion.com,2.00,,,,,,
COVIVIO SGP,,,www.covivio-sgp.fr,,,,,,,
ARLANE,,,www.arlane.com,4.00,,,,,,
QUANTONATION VENTURES,,,,,,,,,,
50 PARTNERS GESTION,,,https://www.50partners.fr/,,,,,,,
SCOR INVESTMENT PARTNERS SE,,01 58 44 71 17,,,,,,,,
OCTOBER FACTORY,,,,,,,,,,
PALATINE ASSET MANAGEMENT,,0155279606,www.palatine-am.com,5.8,,,,,,
STANHOPE CAPITAL SAS,,01 88 33 04 20,,,,,,,,
INOVALIS,,01 56 43 33 23,www.inovalis.com,7.00,,,,,,
MONTPENSIER ARBEVEL,,0145055555,www.montpensier-arbevel.com/,5.00,,,,,,
KYANEOS ASSET MANAGEMENT,,04 86 34 80 73,www.kyaneosAM.com,,,,,,,
JUNE REIM,,,https://june-reim.fr,1.00,,,,,,
PICARDIE INVESTISSEMENT GESTION,,03 22 91 70 20,,,,,,,,
MNK PARTNERS FRANCE,,,,,,,,,,
C4 VENTURES MANAGEMENT,,,,,,,,,,
ATALANTE,,0142603805,www.capza.co,9.9,,,,,,
KEYQUANT,,0184138300,www.keyquant.com,,,,,,,
AXA IM SELECT FRANCE,,,https://select.axa-im.fr,35.00,,,,,,
METORI CAPITAL MANAGEMENT,,,,,,,,,,
ISALT - INVESTISSEMENTS STRATÉGIQUES EN ACTIONS LONG TERME,,,,,,,,,,
CICLAD GESTION,,0156597733,www.ciclad.com,,,,,,,
FAMILY FINANCE FIRST,,0147669071,,,,,,,,
JG CAPITAL MANAGEMENT,,0153573775,www.jgcapital.com,,,,,,,
EXANE ASSET MANAGEMENT,,0188878700,,,,,,,,
GO CAPITAL,,0299350400,gocapital.fr,,,,,,,
DNCA FINANCE,,0158625500,www.dnca-investments.com,26.3,,,,,,
INNOVACOM GESTION,,0144941504,www.innovacom.com,0.01,,,,,,
GEMWAY ASSETS,,0186952298,,,,,,,,
CITIZEN CAPITAL PARTENAIRES,,01.76.74.77.20,,,,,,,,
RUSSELL INVESTMENTS FRANCE,,01 53 57 40 20,,,,,,,,
111 CAPITAL,,0188467617,,,,,,,,
Seven2,,01 53 65 01 00,www.seven2.eu,,,,,,,
ABENEX CAPITAL,,0153936901,,,,,,,,
CORUM ASSET MANAGEMENT,,0153754392,,,,,,,,
SAGIS ASSET MANAGEMENT,,01 76 62 26 22,,,,,,,,
FundPartner AM,,,www.fundpartner.eu,6.00,,,,,,
ECOFI INVESTISSEMENTS,,01 44 88 39 24,www.ecofi.fr,8.2,,,,,,
HSBC GLOBAL ASSET MANAGEMENT (FRANCE),,0141024000,,,,,,,,
MONCEAU Asset Management (Monceau AM),,0183790498,www.monceau-am.com,,,,,,,
SLATE Venture Capital,,,https://www.slate.vc/,1.00,,,,,,
ITINERANT INVESTMENT PARTNERS,,,,,,,,,,
TERTIUM Invest,,04 91 78 77 85,,,,,,,,
ISAI GESTION,,0155377090,www.isai.fr,,,,,,,
APITALK,,,rma-am.com,,,,,,,
EULER HERMES ASSET MANAGEMENT FRANCE,,0140705050,,,,,,,,
OFI INVEST ASSET MANAGEMENT,,0140681717,https://www.ofi-invest-am.com,,,,,,,
GALILEE ASSET MANAGEMENT,,0390229260,,,,,,,,
SYCOMORE ASSET MANAGEMENT,,0144401612,www.sycomore-am.com,7.8,,,,,,
UNEXO GESTION,,0299672014,,,,,,,,
F&A ASSET MANAGEMENT,,,https://fa-am.com/,50.00,,,,,,
SMALT CAPITAL,,0491294150,,,,,,,,
SYMBIOTICS FRANCE SA,,01 70 81 02 00,,,,,,,,
TRAIL MANAGEMENT,,0155355500,trailcapital.eu,,,,,,,
THEOREIM,,01 85 73 10 60,www.theoreim.com,,,,,,,
SOGENIAL IMMOBILIER,,,www.sogenial.fr,,,,,,,
Althéis,,01 75 85 97 47,https://www.althe.is,1.70,,,,,,
EKKIO CAPITAL,,01 84 17 16 00,www.ekkio.fr,,,,,,,
AEW,,01 78 40 53 00,https://www.aewciloger.com/,8.50,,,,,,
WENOVA ASSET MANAGEMENT,,,,,,,,,,
ZENCAP ASSET MANAGEMENT,,01 56 68 54 24,http://www.zencap-am.fr/,0.03,,,,,,
MOMENTUM INVEST SAS,,,https://momentuminvest.fr/,0.06,,,,,,
BAGAN REIM,,01 42 86 69 86,,,,,,,,
GRAPHENE INVESTMENTS,,01 70 82 44 50,,,,,,,,
V PATRIMOINE,,04 22 13 12 07,www.vpatrimoine.com,,,,,,,
ADAXTRA CAPITAL,,01 40 04 74 46,,,,,,,,
BRIDGEPOINT SAS,,0170225299,,,,,,,,
QUADRILLE CAPITAL,,01 79 74 23 44,,,,,,,,
COMMITTED ADVISORS SAS,,01 72 28 35 31,,,,,,,,
ANAXAGO CAPITAL,,33 (0) 1 81 69 56 54,,,,,,,,
IXIOS ASSET MANAGEMENT,,01 89 19 87 30,www.ixios-am.com,,,,,,,
ROCE CAPITAL SAS,,01 55 27 27 90,,,,,,,,
FONCIERES & TERRITOIRES,,0383364455,,,,,,,,
AI EUROPE SAS,,,,,,,,,,
GALIA GESTION,,0557818810,www.galia-gestion.com,0.01,,,,,,
SANSO LONGCHAMP ASSET MANAGEMENT,,01.84.16.64.36,https://sanso-longchamp.com/,,,,,,,
STAM FRANCE INVESTMENT MANAGERS SAS,,01 55 35 99 50,,,,,,,,
EPOPEE GESTION,,,,,,,,,,
WEINBERG CAPITAL PARTNERS,,01 53 53 55 10,www.weinbergcapital.com,2.10,,,,,,
QUBE RESEARCH & TECHNOLOGIES PARIS,,01 80 20 20 01,,,,,,,,
ARCOLE,,,,,,,,,,
GAY-LUSSAC GESTION,,0145616490,www.gaylussacgestion.com,,,,,,,
ACTIVA CAPITAL,,0143125012,www.activacapital.com,0.45,,,,,,
CHOLET DUPONT ASSET MANAGEMENT,,0153431970,,,,,,,,
ABN AMRO INVESTMENT SOLUTIONS,,0156217250,,,,,,,,
DELTA ALTERNATIVE MANAGEMENT,,,www.delta-am.com,0.15,,,,,,
LASALLE INVESTMENT MANAGEMENT SAS,,01.56.43.46.46,,,,,,,,
POLAR CAPITAL (EUROPE),,+44 (0)20 7227 2700,,,,,,,,
NAXICAP PARTNERS,,0158192220,http://www.naxicap.fr,0.03,,,,,,
ESFIN GESTION SA,,01.40.23.30.60,,,,,,,,
ALBA INFRA PARTNERS,,,https://alba-ip.com/fr/,,,,,,,
SIPAREX XANGE VENTURE,,01 53 93 00 90,,,,,,,,
GENERALI WEALTH SOLUTIONS,,01 58 38 63 70,,,,,,,,
TRAIL SOLUTIONS PATRIMOINE,,0147039842,www.trailsolutionspatrimoine.com,,,,,,,
SINGULAR CAPITAL PARTNERS,,,,,,,,,,
CARYATID SGP,,,,,,,,,,
OLYMPIA CAPITAL MANAGEMENT,,01 49 53 90 38,,,,,,,,
OSSIAM,,01 84 79 42 70,,,,,,,,
NATIXIS INVESTMENT MANAGERS INTERNATIONAL,,01 78 40 80 00,,,,,,,,
HELLEBORE CAPITAL,,+33 1  55 27 27 69,,,,,,,,
UBS LA MAISON DE GESTION,,0144563621,www.lamaisondegestion.com,,,,,,,
PRIVATE CORNER,,+33622530690,www.private-corner.eu,44.00,,,,,,
AQUITI GESTION,,,www.aquiti.fr,0.12,,,,,,
PALUEL-MARMONT CAPITAL,,01.44.29.98.24,,,,,,,,
NOVAXIA INVESTISSEMENT,,0142290713,www.novaxia-invest.fr,2.00,,,,,,
CLARESCO FINANCE,,0153453828,,,,,,,,
ALTERNATIVE PATRIMONIALE,,09 88 99 98 88,,,,,,,,
CONNECT PRO,,,,,,,,,,
AURIS GESTION,,0142258340,,4.3,,,,,,
MILLENNIUM CAPITAL MANAGEMENT FRANCE,,,https://www.mlp.com/,79.0,,,,,,
MIDI 2I,,0562301848,,,,,,,,
GALIENA CAPITAL,,0171417140,,,,,,,,
COMGEST SA,,0144941900,www.comgest.com,,,,,,,
BLUESTER CAPITAL SAS,,0180400410,,,,,,,,
BROWNFIELDS GESTION,,01 40 17 00 48,,,,,,,,
PRINCIPAL REAL ESTATE,,01 40 15 53 00,www.principalam.com,,,,,,,
OTOKTONE 3I,,,NA,,,,,,,
MACHINA CAPITAL,,,www.machinacap.com,,,,,,,
ENSOF CAPITAL,,,https://ensof-capital.com,0.01,,,,,,
NOMURA ALTERNATIVE INVESTMENT MANAGEMENT FRANCE,,01 53 89 30 51,,,,,,,,
FRIEDLAND GESTION,,01 53 53 96 21,,,,,,,,
ATLAS RESPONSIBLE INVESTORS,,0189165178,www.atlasinvest.info,,,,,,,
INDEPENDANCE AM,,,,,,,,,,
FINANCIERE DE L'ECHIQUIER,,0147239090,www.lfde.com,9.5,,,,,,
AURIGA PARTNERS,,,www.auriga.vc,6.0,,,,,,
PREVAAL FINANCE,,01 49 07 39 81,,,,,,,,
FLORNOY FERRI,,0142865300,www.flornoyferri.com,,,,,,,
ALTER EQUITY SAS,,01 42 86 96 41,https://www.alter-equity.com/,5.00,,,,,,
360 CAPITAL PARTNERS,,0179741151,www.360cap.vc,0.5,,,,,,
FRANCE VALLEY,,0182833387,,,,,,,,
PAREF GESTION,,01 40 29 86 86,www.paref-gestion.com,0.21,,,,,,
I&P,,01 58 18 57 10,www.ietp.com,1.00,,,,,,
Société Générale Investment Solutions (France),,01 53 43 99.87,https://investmentsolutions.societegenerale.fr,30.0,,,,,,
REDTREE CAPITAL FRANCE,,01 40 73 86 20,https://www.redtreecapital.com/,1.70,,,,,,
IMOCOMPARTNERS,,01 53 30 91 63,,,,,,,,
ARKEA ASSET MANAGEMENT,,09.69.32.88.32,www.arkea-am.com,26.8,,,,,,
MIRABAUD ASSET MANAGEMENT (FRANCE),,01 42 89 89 89,,,,,,,,
CARMIGNAC GESTION,,0142865335,www.carmignac.com,33.9,,,,,,
GENERIS CAPITAL PARTNERS SAS,,0149260310,www.generiscapital.com,,,,,,,
RIVAGE INVESTMENT,,0170912596,www.rivageinvestment.com,8.0,,,,,,
PAUL CAPITAL FRANCE SA,,0153530606,,,,,,,,
EQUITAM,,0540240854,,,,,,,,
SUPERNOVA INVEST,,01 86 64 01 85,,,,,,,,
OREIMA,,01.43.59.85.82,www.oreima.fr,,,,,,,
MONTBLEU FINANCE,,01 53 43 40 82,www.montbleu-finance.fr,,,,,,,
CAPITAL FUND MANAGEMENT,,0149495949,www.cfm.fr,20.5,,,,,,
FRANCE TITRISATION,,01 40 14 57 05,www.france-titrisation.com,,,,,,,
Verto,,+33624839758,www.vertogrowth.com,0.06,,,,,,
LGT PRIVATE DEBT (FRANCE) SAS,,+44 0 7769221140,www.lgtcp.com,10.00,,,,,,
RING,,,www.ringcp.com,0.06,,,,,,
CLARTAN ASSOCIES,,0153776080,www.clartan.com,0.85,,,,,,
AGLAE MANAGEMENT,,01.56.52.83.51,,,,,,,,
CIAM,,01 44 70 97 96,www.ci-am.com,4.00,,,,,,
ETERNAM,,0153932323,https://www.eternam.fr/,2.00,,,,,,
AXIOM ALTERNATIVE INVESTMENTS SARL,,01 44 69 43 90,www.axiom-ai.com,,,,,,,
FONCIERE ET IMMOBILIERE DE PARIS,,,,,,,,,,
LAZARD ELAIA CAPITAL,,,,,,,,,,
HMG FINANCE SA,,0144827040,www.hmgfinance.com,,,,,,,
PRISTINE,,0184880040,https://www.pristine.finance,,,,,,,
INFRAVIA CAPITAL PARTNERS,,0140686764,www.infraviacapital.com,16.0,,,,,,
DORVAL ASSET MANAGEMENT,,,www.dorval-am.com,40.00,,,,,,
EXTENDAM,,01 80 27 18 53,www.extendam.com,4.80,,,,,,
DAUPHINE AM,,01 47 20 58 07,www.dauphine-am.fr,2.00,,,,,,
TIMETOACT CAPITAL EUROPE,,,,,,,,,,
ADBIO PARTNERS,,01 56 81 63 03,www.adbio.partners,10.7,,,,,,
TURENNE CAPITAL PARTENAIRES SA,,0153430303,www.turennecapital.com,0.12,,,,,,
Sienna AM France,,0153769999,https://www.sienna-im.com/fr/services/dette-privee/,4.00,,,,,,
SUNSHINE,,,,,,,,,,
SOFIDY,,01.69.87.02.00,www.sofidy.com,5.00,,,,,,
CATHAY CAPITAL PRIVATE EQUITY,,0142252800,www.cathay.fr,8.00,,,,,,
SODERO GESTION,,0240415215,,,,,,,,
MATA CAPITAL IM,,,www.matacapital.com,,,,,,,
OLIFAN REAL ESTATE,,,,,,,,,,
VERITAS INVESTMENT ASSOCIATES,,,https://www.via-am.com/fr/,,,,,,,
CAPITAL GRAND EST,,0367106102,www.capitalgrandest.eu,0.01,,,,,,
ABSOLUTE CAPITAL PARTNERS,,0142654589,,,,,,,,
STARQUEST,,0186955972,http://www.starquest-capital.com/,0.4,,,,,,
TWENTY FIRST CAPITAL,,0170378083,www.twentyfirstcapital.com,,,,,,,
CHENAVARI ASSET MANAGEMENT,,,,,,,,,,
OMADA Investment Managers,,,https://omada.fr,4.00,,,,,,
HINES SGP,,01/41 45 80 74,,,,,,,,
EUTOPIA GESTION,,33 6 16 56 65 35,www.eutopia.vc,,,,,,,
VARENNE CAPITAL PARTNERS,,+33 1 70 38 81 22,www.varennecapital.fr,,,,,,,
BDK CAPITAL,,0145630492,,,,,,,,
CoinShares Asset Management,,,https://coinshares.com/,10.0,,,,,,
CALCIUM CAPITAL,,0142567576,,,,,,,,
ARKEA REAL ESTATE INVESTMENT MANAGEMENT,,,www.arkea-reim.com,50.00,,,,,,
UI INVESTISSEMENT,,01 42 56 66 00,www.ui-investissement.com,1.00,,,,,,
EUROTITRISATION,,01 74 73 04 74,,,,,,,,
COVEA FINANCE,,0140065150,www.covea-finance.fr,7.5,,,,,,
GREENMAN ARTH,,,www.greenmanarth.com,,,,,,,
BLACKROCK FRANCE S.A.S.,,,,,,,,,,
MAREX FRANCE,,,www.bipam.fr,,,,,,,
CENTIVA CAPITAL EUROPE,,,,,,,,,,
AXELEO CAPITAL,,,www.axeleo.com,,,,,,,
BLISCE/,,,https://www.blisce.com,,,,,,,
MONTEFIORE INVESTMENT,,01 58 18 68 70,www.montefiore.fr,,,,,,,
OPALE GESTION INGENIERIE ET INVESTISSEMENT,,09 74 04 17 00,www.og2i.fr,,,,,,,
OVNI CAPITAL,,,https://ovni.vc,5.00,,,,,,
KAREG REIM,,,,,,,,,,
FRST CAPITAL,,+33 6 27 48 86 96,,,,,,,,
MATIGNON INVESTISSEMENT ET GESTION,,0153530123,www.matignon-gestion.fr,,,,,,,
ARDIAN FRANCE,,0141719486,www.ardian.com,20.0,,,,,,
TELAMON,,0142562646,www.telamon-groupe.com,,,,,,,
COGEFI GESTION,,0140060222,www.cogefi.fr,,,,,,,
SELWOOD ASSET MANAGEMENT FRANCE,,0186476007,Under%20construction,,,,,,,
COLLIERS GLOBAL INVESTORS FRANCE,,0173034713,www.colliers-iiamclient.com,,,,,,,
Hy24,,,,,,,,,,
AEDGIS,,,https://www.aedgis.com/,20.00,,,,,,
FIDEAS CAPITAL SAS,,0178091988,www.fideas.fr,,,,,,,
FINALTIS,,0155272700,www.finaltis.com,,,,,,,
BYWAY CAPITAL,,,https://bywaycapital.eu/,,,,,,,
PROMEPAR ASSET MANAGEMENT,,,http://www.promepar.fr/,,,,,,,
2050.DO,,,,,,,,,,
MONTAGU PRIVATE EQUITY SAS,,0144951180,www.montagu.com,2.00,,,,,,
IGEA FINANCE,,0144434900,www.igeafinance.com,4.00,,,,,,
AXA INVESTMENT MANAGERS PARIS,,0144457000,www.axa-im.fr,,,,,,,
FOUNDERS FUTURE CAPITAL PARTNERS,,,,,,,,,,
ARCHINVEST,,,,,,,,,,
SAINT OLIVE ET CIE,,0472821010,www.banquesaintolive.com,,,,,,,
KEPLER CHEUVREUX INVEST,,0156520240,www.kci-invest.com,,,,,,,
PIERRE 1ER GESTION,,+33 1 40 47 49 90,http://www.pierrepremiergestion.com,,,,,,,
LAUXERA CAPITAL PARTNERS,,,https://lauxera.com,,,,,,,
BDL CAPITAL MANAGEMENT,,(01) 56 90 50 90,,,,,,,,
CHEQUERS PARTENAIRES SA,,0153576100,www.chequerscapital.com,1.07,,,,,,
O2 CAPITAL ASSET MANAGEMENT,,,www.o2am.com,7.00,,,,,,
Revaia,,,www.revaia.com,,,,,,,
VARSITY CAPITAL,,,,,,,,,,
Société des nouveaux patrimoines,,,www.sdnp.fr,4.00,,,,,,
LBO FRANCE GESTION,,0140627767,www.lbofrance.com,2.50,,,,,,
M CAPITAL PARTNERS,,0534320965,http://www.mcapital.fr/,0.50,,,,,,
CHAUSSIER GESTION,,0147036171,,,,,,,,
SOCIETE FORESTIERE DE LA CAISSE DES DEPOTS ET CONSIGNATIONS,,01 40 39 81 00,,,,,,,,
BOUVIER GESTION,,01 53 64 80 80,,,,,,,,
JOLT CAPITAL,,0184791183,www.jolt-capital.com,0.01,,,,,,
EXPERIENCED CAPITAL MANAGEMENT,,0140137213,,,,,,,,
HUGAU GESTION,,0178098320,http://www.hugau-gestion.com/,1.00,,,,,,
DARWIN INVEST,,,https://www.darwin-invest.com/,0.2,,,,,,
MONTSEGUR FINANCE,,0156434370,http://www.montsegurfinance.com,0.85,,,,,,
LAFFITTE CAPITAL MANAGEMENT SAS,,0155047930,www.laffittecapital.com,,,,,,,
ARKEA CAPITAL,,0298002674,www.arkea-capital.com,,,,,,,
SOLUTIONS D'EPARGNE ET D'ASSURANCE (SEA),,0383302053,wwww.sea-finance.com,,,,,,,
SWISS LIFE ASSET MANAGERS FRANCE,,0491166010,fr.swisslife-am.com,,,,,,,
VICTOIRES HAUSSMANN SGP,,0153424661,,,,,,,,
MINDSTON CAPITAL,,,www.mindstoncapital.com,,,,,,,
INTER GESTION REIM,,01 43 12 52 52,www.inter-gestion.com,6.00,,,,,,
TROCADERO CAPITAL PARTNERS,,01.84.17.38.63,http://www.trocaderocp.com,0.03,,,,,,
DELUBAC ASSET MANAGEMENT,,0144953787,www.delubac-am.fr,4.00,,,,,,
EUKRATOS,,01 77 63 70 07,www.eukratos.com,,,,,,,
AMUNDI PRIVATE EQUITY FUNDS,,0143230989,,,,,,,,
SIENNA GESTION,,,hga.humanis.com,,,,,,,
GUTENBERG FINANCE,,0388755550,info@gutenbergfinance.com,0.24,,,,,,
ABC ARBITRAGE ASSET MANAGEMENT,,0153005463,,,,,,,,
INNOVAFONDS,,0184794980,www.innovafonds.fr,0.09,,,,,,
RAISE REIM,,0184170909,www.raisefrance.com,,,,,,,
FAMAE IMPACT,,,,,,,,,,
BPIFRANCE INVESTISSEMENT,,0158507171,,,,,,,,
APICIL ASSET MANAGEMENT,,0155312400,www.apicil-asset-management.com,7.00,,,,,,
CYBELE ASSET MANAGEMENT,,01 56 43 62 50,,,,,,,,
TOBAM,,01 53 23 41 50,,,,,,,,
EMBLEM,,,,,,,,,,
OTEA CAPITAL,,09 73 87 02 73,www.otea-capital.com,,,,,,,
AXA IM PRIME,,,,,,,,,,
TECHLIFE CAPITAL,,,,,,,,,,
EURYALE,,0148782208,www.euryale-am.fr,3.30,,,,,,
ACER FINANCE,,0144550210,www.lb-af.com,1.00,,,,,,
SB2F GESTION PRIVEE,,,https://www.sb2f.fr/,,,,,,,
RHONE ALPES PME GESTION,,0472832323,,,,,,,,
ANTIN INFRASTRUCTURE PARTNERS SAS,,,,,,,,,,
NEW ALPHA ASSET MANAGEMENT,,0156685450,www.newalpha.com,,,,,,,
ELAIA PARTNERS,,0176749250,www.elaia.com,0.01,,,,,,
CARLTON SELECTION,,05 56 23 17 17,www.carltonselection.fr,,,,,,,
"ROCHE, DUBAR & ASSOCIES - R&D",,,,,,,,,,
SMA GESTION,,0140597650,,,,,,,,
ITAVERA ASSET MANAGEMENT,,0142607514,,,,,,,,
Square Capital (Paris) SAS,,,http://www.squarecapital.co.uk/,2.00,,,,,,
LA MAISON PARTNERS,,+33 (0)1 40 28 48 68,https://www.lamaisonpartners.fr/,,,,,,,
Allianz Immovalor,,0185636535,http://www.immovalor.fr,4.70,,,,,,
CONSERVATEUR GESTION VALOR,,0153657200,www.conservateur.fr,,,,,,,
MONCEAU IS,,,,,,,,,,
AMUNDSEN INVESTMENT MANAGEMENT,,0189164632,,,,,,,,
DEMETER INVESTMENT MANAGERS,,0143125333,https://demeter-im.com,1.30,,,,,,
FINANCIERE DE L'ARC,,04 42 53 88 90,www.financieredelarc.com,0.40,,,,,,
NEWFUND MANAGEMENT,,,www.newfund.fr,,,,,,,
ARGOS WITYU,,0153672050,https://argos.wityu.fund,1.00,,,,,,
LFPI REIM,,01 58 36 44 82,,,,,,,,
52 CAPITAL,,01 44 20 08 71,N/A,,,,,,,
BALZAC REIM,,0153932354,balzac-reim.com,,,,,,,
AGILACAPITAL,,,,,,,,,,
HARVESTATE ASSET MANAGEMENT,,,,,,,,,,
PAI SAS,,+33 1 43 16 63 00,https://www.paipartners.com/language/en/,3.6,,,,,,
CONSOLIDATION ET DEVELOPPEMENT GESTION,,0180400463,www.fonds-fcde.fr,100.0,,,,,,
KATKO CAPITAL,,,www.katkocapital.com,380.00,,,,,,
GEFIP - GESTION FINANCIERE PRIVEE,,0142965737,https://www.gefip.fr/,,,,,,,
IROKO,,,,,,,,,,
FINANCIERE LAMARTINE SA,,0130827346,,,,,,,,
NEXTSTAGE AM,,01 53 93 49 40,www.nextstage.com,,,,,,,
AXIPIT REAL ESTATE PARTNERS,,,www.axipit.com,2.00,,,,,,
IRIS FINANCE,,0145623160,iris@iris-finance.com,,,,,,,
ELKANO ASSET MANAGEMENT,,,,,,,,,,
SWEN CAPITAL PARTNERS,,0140686021,www.swen-cp.fr,9.50,,,,,,
ALTIS CAPITAL,,,http://www.altis-capital.fr/,,,,,,,
CAPELIA MANAGEMENT SAS,,0489851058,,,,,,,,
ELEVA CAPITAL,,01 40 69 28 70,http://www.elevacapital.com,13.0,,,,,,
TURGOT ASSET MANAGEMENT,,01 75 43 60 50,www.turgot-am.fr,,,,,,,
OMNES CAPITAL,,+33 (0)1 80 48 79 00,,,,,,,,
ALOE PRIVATE EQUITY,,0175434208,www.aloe-group.com,4.00,,,,,,
PRO BTP FINANCE,,0149544000,www.probtpfinance.com,,,,,,,
H2O AM EUROPE,,,,,,,,,,
GROUPAMA ASSET MANAGEMENT,,0144567676,,32.7,,,,,,
PARQUEST CAPITAL,,0170086090,www.parquest.fr,,,,,,,
FIL GESTION,,0173043553,fidelity.fr,1.0,,,,,,
IMPACT PARTNERS,,01 42 27 47 70,,,,,,,,
BFT INVESTMENT MANAGERS,,0176379090,www.bft-im.com,31.7,,,,,,
LFIS CAPITAL,,0188800609,,,,,,,,
LONVIA CAPITAL,,,,,,,,,,
UNION BANCAIRE GESTION INSTITUTIONNELLE,,+33 (0)1 75 77 80 80,www.ubpamfrance.fr,,,,,,,
ROTHSCHILD & CO ASSET MANAGEMENT,,01 40 74 40 74,am.eu.rothschildandco.com,37.0,,,,,,
OFFLOAD CAPITAL,,,,,,,,,,
DEALBYDEAL INVEST,,,http://www.dealbydeal.net,2.00,,,,,,
ALDERAN,,01 42 89 47 95,https://www.alderan.fr,3.00,,,,,,
ADAGIA PARTNERS,,,https://www.adagiapartners.com/,1.3,,,,,,
SOCIETE PARISIENNE DE GESTION,,0145615110,,,,,,,,
VALIMMO REIM,,0492288740,https://www.valimmo-reim.eu/,,,,,,,
EDMOND DE ROTHSCHILD REIM (FRANCE),,0140060000,www.cleaveland.fr,,,,,,,
FIMINCO REIM,,0147530000,,,,,,,,
VENTECH SAS,,0183798193,www.ventechvc.com,0.17,,,,,,
Magellim REIM,,,,,,,,,,
CPR ASSET MANAGEMENT,,01 53 15 70 00,www.cpr-am.com,2.0,,,,,,
ODYSSEE VENTURE,,0171181150,,,,,,,,
CONSTANCE ASSOCIES SAS,,0184172260,www.constance-associes.fr,,,,,,,
LA FINANCIERE RESPONSABLE,,0175777500,www.la-financiere-responsable.fr,,,,,,,
CapAgro,,0140694800,http://www.capagro.fr,,,,,,,
EURASIA ASSET MANAGEMENT,,,,,,,,,,
EDMOND DE ROTHSCHILD ASSET MANAGEMENT (FRANCE),,0140172525,www.edmond-de-rothschild.com,40.00,,,,,,
THEMATICS ASSET MANAGEMENT,,,,,,,,,,
FLUENCE,,,www.fluence.eu,,,,,,,
BRAXTON INVESTMENT MANAGEMENT,,,,,,,,,,
PEQAN,,,www.peqan.fr,6.00,,,,,,
AESOPE GESTION DE PORTEFEUILLES,,0472694650,www.aesope.fr,0.15,,,,,,
TIKEHAU INVESTMENT MANAGEMENT,,0153590500,www.tikehauim.com,27.05,,,,,,
GSD GESTION,,0142600002,,,,,,,,
MOTION EQUITY PARTNERS,,,www.motionequitypartners.com,,,,,,,
SEVEN CAPITAL MANAGEMENT,,0142337522,http://www.seven-cm.com/,,,,,,,
MANCO.PARIS,,,,,,,,,,
OPTIGESTION,,0173110000,http://www.optigestion.com/,40.00,,,,,,
HORIZON ASSET MANAGEMENT,,,,,,,,,,
XERYS INVEST,,0182521225,xerys.com,0.01,,,,,,
ELIGE GESTION,,0481130606,,,,,,,,
AROXYS,,+33 6 79 68 15 81,anozys.com,,,,,,,
LT CAPITAL,,01 44 51 05 66,,,,,,,,
MEANINGS CAPITAL PARTNERS,,01 83 75 40 00,meanings.com,,,,,,,
CONSULTIM ASSET MANAGEMENT,,05 33 89 67 61,,,,,,,,
MCA FINANCE,,0241873000,www.mcafinance.fr,,,,,,,
AGRICA EPARGNE,,0171215325,www.agricaepargne.com,2.20,,,,,,
ATLAND VOISIN,,0380599090,www.atland-voisin.com,3.00,,,,,,
SPINECAP,,0180205630,www.spinecap.com,,,,,,,
EPSICAP REIM,,,http://www.epsicap.fr/,0.09,,,,,,
AECUS PARTNERS,,,,,,,,,,
ATHYMIS GESTION,,01 53 20 49 91,www.athymis.fr,,,,,,,
SERENA CAPITAL,,0177373030,www.serena.vc,1.40,,,,,,
BEAUREALE INVESTMENTS FRANCE,,,https://www.beaureale.com/,,,,,,,
SOCIETE GENERALE GESTION,,01 76 37 34 00,,,,,,,,
INITIATIVE & FINANCE GESTION,,01 56 89 97 00,www.initiative-finance.com,,,,,,,
ANAXIS ASSET MANAGEMENT,,09 73 87 13 21,www.anaxiscapital.com,2.8,,,,,,
TYGROW,,,En%20cours%20de%20création,,,,,,,
OSTRUM ASSET MANAGEMENT,,,,,,,,,,
SPARRING CAPITAL,,0158364950,www.sparringcapital.com/,0.02,,,,,,
MERIEUX EQUITY PARTNERS,,04 78 87 73 72,www.merieux-partners.com,,,,,,,
AMPLEGEST,,0140670840,www.amplegest.com,2.20,,,,,,
EQUALIS CAPITAL FRANCE,,0180491070,www.equaliscapital.com,0.65,,,,,,
BOUSSARD & GAVAUDAN GESTION,,0144904100,,,,,,,,
NORD CAPITAL PARTENAIRES SAS,,,http://www.nord-cp.com/,,,,,,,
LAMAZERE GESTION PRIVEE,,04.44.44.97.32,www.lamazeregp.fr,7.00,,,,,,
FINANCIERE ARBEVEL,,0156591133,www.arbevel.com,,,,,,,
SPIRIT REIM SERVICES,,,,,,,,,,
VAUBAN INFRASTRUCTURE PARTNERS,,0178409025,,,,,,,,
WEMO REAL ESTATE INVESTMENT MANAGEMENT,,,www.wemo-reim.fr,0.01,,,,,,
IBIONEXT,,,https://ibionext.com/,0.01,,,,,,
DRAKAI CAPITAL,,01 53 45 54 20,,,,,,,,
SOFINNOVA PARTNERS,,01 76 23 41 00,www.sofinnovapartners.com,1.00,,,,,,
ESSLING CAPITAL,,0140602230,www.esslingcapital.com,0.65,,,,,,
SMART LENDERS ASSET MANAGEMENT SAS,,0140062974,www.smartlenders-am.com,,,,,,,
CIC PRIVATE DEBT,,0153483512,https://www.cic-privatedebt.eu/fr/index.html,0.19,,,,,,
MBO+,,0156641700,www.mbo.plus,1.00,,,,,,
KORELYA CAPITAL,,,www.korelyacapital.com,18.5,,,,,,
AXIO CAPITAL,,01 40 60 43 80,www.axio.fr,,,,,,,
OSAE PARTNERS,,,,,,,,,,
LLM & ASSOCIES,,,www.llm-associes.fr,2.00,,,,,,
ATRIO GESTION PRIVEE,,0155350402,atrio-gp.fr,,,,,,,
HOTEL INVESTISSEMENT CAPITAL,,01 72 32 21 03,hi-capital.fr,3.00,,,,,,
INFRANITY,,,,,,,,,,
ENTREPRENEUR INVEST,,0158186180,www.entrepreneurventure.com,0.8,,,,,,
DELTAGER SA,,0467136580,http://deltager.fr/,,,,,,,
UZES GESTION,,0145089640,,,,,,,,
ATLANTE GESTION,,0153459595,www.agestion.fr,5.40,,,,,,
POINCARE GESTION,,+33(0)3 83 32 48 37,www.fonds-gei.com,0.03,,,,,,
OFFICIUM ASSET MANAGEMENT,,0182288400,www.officium.com,,,,,,,
NORIA GESTION,,0320940215,,,,,,,,
EDMOND DE ROTHSCHILD PRIVATE EQUITY (FRANCE),,0140178939,,,,,,,,
CAPITEM PARTENAIRES,,09 83 62 89 20,www.capitem.fr,0.01,,,,,,
ABC GESTION,,0141892733,,,,,,,,
IXO PRIVATE EQUITY,,0534417418,www.ixope.fr,1.00,,,,,,
INVESTISSEURS DANS L'ENTREPRISE,,01 85 08 25 90,www.ide-am.eu,,,,,,,
OTHRYS INVESTMENT MANAGEMENT,,+33 185782610,,,,,,,,
VIGIFINANCE,,01 56 88 34 95,,,,,,,,
CLAY ASSET MANAGEMENT,,01 44 17 36 55,,,,,,,,
PRAEMIA REIM France,,0144217415,https://www.praemiareim.fr/fr/,5.00,,,,,,
KIRAO,,,www.kirao.fr,,,,,,,
PARIS TITRISATION,,,,,,,,,,
ADMIO Asset Management,,,www.admio-am.capital,,,,,,,
ARCHIMED,,04 81 11 35 33,,,,,,,,
Lita Gestion,,,https://litagestion.com,2.00,,,,,,
BEX CAPITAL,,01 86 95 32 80,www.bexcapital.com,2.05,,,,,,
ANGELOR,,,https://angelor.fr/,1.00,,,,,,
Pams,,,www.fondinvest.com,,,,,,,
OCCTE,,,www.occte.fr,0.03,,,,,,
BNP PARIBAS ASSET MANAGEMENT Europe,,0158972525,www.bnpparibas-am.fr,35.70,,,,,,
ELLIPSIS ASSET MANAGEMENT,,01 78 41 55 00,www.ellipsis-am.com,4.4,,,,,,
FINANCIERE DE LA CITE,,0153533830,www.financieredelacite.com,,,,,,,
AlTi Wealth Management (France),,0156898336,https://alti-global.com/,60.00,,,,,,
RAISE,,01 84170909,https://www.raise.co/,2.00,,,,,,
FRENCHFOOD CAPITAL,,+33 1 70 81 04 45,http://frenchfoodcapital.com/,0.24,,,,,,
PERGAM,,0153577200,www.pergam.net,0.05,,,,,,
RCUBE ASSET MANAGEMENT,,0145643103,www.rcube.com,,,,,,,
QUALIUM INVESTISSEMENT,,0181804700,http://www.qualium-investissement.com,2.10,,,,,,
ASTER CAPITAL PARTNERS SAS,,0145613095,http://www.aster.com,0.01,,,,,,
AMUNDI TRANSITION ENERGETIQUE,,,,,,,,,,
ORIGINE PARTNERS,,0978808022,,,,,,,,
KIPLINK FINANCE SAS,,01 56 43 44 88,http://www.kiplink-finance.fr,,,,,,,
L CATTERTON EUROPE,,01 44 95 91 41,www.lcattertoneurope.com,37.0,,,,,,
NORMANDIE REIM,,01 58 56 22 44,www.normandie-reim.com,0.95,,,,,,
